<?xml version="1.0" encoding="UTF-8" ?>
<!DOCTYPE mapper
        PUBLIC "-//mybatis.org//DTD Mapper 3.0//EN"
        "http://mybatis.org/dtd/mybatis-3-mapper.dtd">
<mapper namespace="com.yqn.mapper.UserMapper">

    <resultMap id="userResultMap" type="com.yqn.pojo.User">
        <id column="id" property="id"/>
        <association property="school" column="school_id" select="findEntitySchoolById"/>
        <association property="dept" column="dept_id" select="findEntityDeptById"/>
        <association property="aClass" column="class_id" select="findEntityClassById"/>
    </resultMap>

    <select id="findEntitySchoolById" resultType="com.yqn.pojo.School">
        select * from school where id=#{id}
    </select>

    <select id="findEntityDeptById" resultType="com.yqn.pojo.Dept">
        select * from dept where id=#{id}
    </select>

    <select id="findEntityClassById" resultType="com.yqn.pojo.Class">
        select * from class where id=#{id}
    </select>

</mapper>
